,,,,,,,,,,,,,,,,,,,,,,,,,,,,,,,,,,,,,,,,,,,,,,,,,,,,,,,,,,,,,,,,,,,,,,,,,,,,,,,,,,,,,,,,,,,,,,,,,,,,,,,,,,,,,,,,,,,,,,,,,,,,,,,,,,,,,,,,,,,,,,,,,,,,,,,,,,,,,,,,,,,,,,,,,,,,,,,,,,,,,,,,,,,,,,,,,,,,,,,,,,,,,,,,,,,,,,,,,,,,,,,,,,,,3,3,3,3,91,92,,,,,,,,,,,,,,91,92,3,3,3,3,3,3,3,3,3,3,3,3,3,3,3,3
,30,,,,,,,,,,,,,,,,,,,,,,,,,,,,,,,,,,,,,,,45,,,,,,,,,,,,,,,,,,,,,,,,,,,,,,45,,,,,,,,,,,,,,,,,,45,,,,,,,,,,,,,,,,,,,,,,,,,,,,,,45,,,,,,,,,,,,,,,,,,,,,,,,,,,,,,,,,,,,,,,,,,,,,,,,,,,,,,,,,,,,,,,,,,,,,,,,,,,,,,,,,,,,,,,,,,,,,,,,,,,,,,,,,,,,,,3,3,3,3,91,92,,,3,3,3,3,3,3,3,,,,,91,92,3,3,3,3,3,3,3,3,3,3,3,3,3,3,3,3
,31,,,32,,37,,,,33,45,,34,,,,,,,,,,,,,,,,,,,,,,,,,,,,,,,,,,,,,,,,,,,,,,,,,,,,,,,,,,,,,,,,,,,,,,,,,,,,,,,,,,,,,,,,,,,,,,,,,,,,,,,,,,,,,,,,,,,,,,,,,,,,,,,,,,,,,,,,,,,,,,,,,,,,,,,,,,,,,,,,,,,,,,,,,,,,45,,,,,,,,,,,,,,,,,,,,,,,,,,,,,,,,,,,,,,,,,,,3,3,3,3,101,102,,,,,,,,,,,,,,91,92,3,3,3,3,3,3,3,3,3,3,3,3,3,3,3,3
,,,,,,,,,,,,,,,,,,,,,,,,,,,,,,,46,,,,,,,,,,,,,,,,,,,,,,,,,,,,45,,,,,,,,,,,,,,,,,,,,46,,,,,,,,,,,,,,,,,,,,,,,,,,,,45,,,,,,,,,,,,,,,,,,,,46,,,,,,,,,45,,,,,,,,,,,,,,,,,,,,,,,,,,,,,,45,,,,,,,,,,,,,,,,,,,,,,,,,,,,,,,,,,,,,,45,,,,,,,,,,,,,,,,,,,,,,,,3,3,3,3,,,,,,,,,,,,,,,,91,92,3,3,3,3,3,3,3,3,3,3,3,3,3,3,3,3
,,,,,,,,,,,,,,,,,,,,,,,,,,,,,,,,,,,,,,,,,,,,,,,,,,,,,,,,,,,,,,,,,,,,,,,,,,,,,,,,,,,,,,,,,,,,,,,,,,,,,,,,,,,,,,,,,,,,,,,,,,,,,,,,,,,,,,,,,,,,,,,,,,,,,,,,,,,45,,,,,,,,,,,,,,,,,,,,46,,,,,,,,,,,,,,,,20,,,,,,,,,,,,,,,,,,,,,,,,,,,,,,,,,,,,,3,3,3,3,,,,,,,,,,,,,,,,91,92,3,3,3,3,3,3,3,3,3,3,3,3,3,3,3,3
,,,,,,,,,,,,,,,,,,,,,,,,6,,,,,,,,,,,,,,,,,,,,,,,,,,,,,,,,,,,,,,,,,,,,,,,,,,,,,,,,,,4,3,3,3,3,3,3,3,,,,3,3,3,6,,,,,,,,,,,,,,,7,,,,,,,,,,,,4,4,4,,,,,3,6,6,3,,,,,,,,,,,,,,,,,,,,,,,,,,,,,,,,,,,,,,,,,,,,,,,,,,,,,,,,,,8,8,,,,,,,,,,,,,,,,,,,,,,,,,,,,,,,,,,,,3,3,3,3,,,,,,18,18,18,18,18,,,,,,91,92,3,3,3,3,3,3,3,3,3,3,3,3,3,3,3,3
,,,,,,,,,,,,,,,,,,,,,,,,,,,,,,,,,,,,,,,,,,,,,,,,,,,,,,,,,,,,,,,,,,,,,,,,,,,,,,,,,,,,,,,,,,,,,,,,,,,,,,,,,,,,,,,,,,,,,,,,,,,,,,,,,,,,,,,,,,,,,,,,,,,,,,,,,,,,,,,,,,,,,,,,,,,,,,,,,,,,,,,,,,,,,,8,8,8,,,,,,,,,,,,,,,,,,,,,,,,,,,,,,,,,,,,3,3,3,3,,,,,,,,,,,,,,,,91,92,3,3,3,3,3,3,3,3,3,3,3,3,3,3,3,3
,,,,,,,,,,,,,,,,,,,,,,,,,,,,,,,,,,,,,,,,,,,,,,,,,,,,,,,,,,,,,,,,,,,,,,,,,,,,,,,,,,,,,,,,,,,,,,,,,,,,,,,,,,,,,,,,,,,,,,,,,,,,,,,,,,,,,,,,,,,,,,,,,,,,,,,,,,,,,,,,,,,,,,,,,,,,,,,,,,,,,,,,,,,,,8,8,8,8,,,,,,,,,,,,,,,,,,,,,,,,,,,,,,,,,,,,3,3,3,3,,,,,18,18,18,18,18,18,18,,,,,91,92,3,3,3,3,3,3,3,3,3,3,3,3,3,3,3,3
,,,,,,,,,,,,,,,,,,,,,,,,,,,,,,,,,,,,,,,,,,,,,,,,,,,,,,,,,,,,,,,,,,,,,,,,,,,,,,,,,,,,,,,,,,,,,,,,,,,,,,,,,,,,,,,,,,,,,,,,,,,,,,,,,,,,,,,,,,,,,,,,,,,,,,,,,,,,,,,,,,,,,,,,,,,,,,,,,,,,,,,,,,,,8,8,8,8,8,,,,,,,,,,,,,,,,,,,,,,,,,,,,,,,,,,,,3,3,3,3,,,,,,,,,,,,,,,,91,92,3,3,3,3,3,3,3,3,3,3,3,3,3,3,3,3
,,,,,,,,,,,,,,,,,,6,,,,3,7,4,6,3,,,,,,,,,,,,,,,,,,,,,,95,96,,,,,,,,,,95,96,,,,,,,,,,,,,,,,,,,3,7,3,,,,,,,,,,,,,,,4,,,,,,3,5,,,,,6,,,6,,,6,,,,,,4,,,,,,,,,,,3,3,,,,,,,8,,,8,,,,,,,,,,,8,8,,,8,,,,,,,,,,,,,3,4,6,3,,,,,,,,,,,,,,8,8,8,8,8,8,,,,,,,,,,,,,,,,,,,,,,,,,,,,,,,,,,,,3,3,3,3,,,,,18,18,18,18,18,18,18,,,,,91,92,3,3,3,3,3,3,3,3,3,3,3,3,3,3,3,3
,,,,,,,,,,,,,,,,,,,,,,,,,,,,,,,,,,,,,,,,95,96,,,,,,,91,92,,,,,,,,,,91,92,,,,,,,,,,,,,,,,,,,,,,,,,,,,,,,,,,,,,,,,,,,,,,,,,,,,,,,,,,,,,,,,,,,,,,,,,,,,,,8,8,,,8,8,,,,,,,,,8,8,8,,,8,8,,,,,,,,,,,,,,,,,,,,,,,,,,,20,8,8,8,8,8,8,8,,,,,,,,,,,,,,,,,,,,,,,,,,,,,,,,,,,,3,3,3,3,,,,,3,3,3,3,3,3,3,,,,,91,92,3,3,3,3,3,3,3,3,3,3,3,3,3,3,3,3
,,,,,,,,10,,,,,,,,,,,,,,,,,,,,,,95,96,,,,,,,,,91,92,,,,,,,91,92,,,,,,,,,,91,92,,,,,,,,,,,,,,,,,,,,,,,,,,,,,,,,,,,,,,,,,,,,,,,,,,,,,,,,,,,,,,,,,,,,,,,,,,,,,8,8,8,,,8,8,8,,,,,,,8,8,8,8,,,8,8,8,,,,,,95,96,,,,,,,,,,,,,,,,95,96,,8,8,8,8,8,8,8,8,,,,,,,,,10,,,,,,,,,,,,,,,,,,,,,,,,,,,3,3,3,3,,,,,3,3,3,3,3,3,3,,,97,93,3,3,3,3,3,3,3,3,3,3,3,3,3,3,3,3,3,3
,,44,,,,,,8,,,,,,,42,,,,43,,,,20,,,40,,,,91,92,,,,,,,,,91,92,,20,,41,,,91,92,,,44,,20,20,,,,91,92,,,,42,,,,43,,,,,,40,,,,,,,,,,,,,,,,,,41,,,,,20,20,,44,,,,,,20,,,,,42,,,,43,,,,,,,40,,,,20,,20,,20,,20,,,,8,8,8,8,42,,8,8,8,8,,,,,8,8,8,8,8,,,8,8,8,8,,,43,,91,92,,,,40,,,,,,,,,,,,91,92,8,8,8,8,8,8,8,8,8,,,,,44,,,,8,,,,47,,,,,,,,,,,,,,,,,,,,,,,3,3,3,3,,,,,3,3,3,3,3,3,3,,,98,94,3,3,3,3,3,3,3,3,3,3,3,3,3,3,3,3,3,3
2,2,2,2,2,2,2,2,2,2,2,2,2,2,2,2,2,2,2,2,2,2,2,2,2,2,2,2,2,2,2,2,2,2,2,2,2,2,2,2,2,2,2,2,2,2,2,2,2,2,2,2,2,2,2,2,2,2,2,2,2,2,2,2,2,2,2,2,2,2,2,,,2,2,2,2,2,2,2,2,2,2,2,2,2,2,2,,,,2,2,2,2,2,2,2,2,2,2,2,2,2,2,2,2,2,2,2,2,2,2,2,2,2,2,2,2,2,2,2,2,2,2,2,2,2,2,2,2,2,2,2,2,2,2,2,2,2,2,2,2,2,2,2,2,2,2,2,2,2,2,2,2,,,2,2,2,2,2,2,2,2,2,2,2,2,2,2,2,2,2,2,2,2,2,2,2,2,2,2,2,2,2,2,2,2,2,2,2,2,2,2,2,2,2,2,2,2,2,2,2,2,2,2,2,2,2,2,2,2,2,2,2,2,2,2,2,2,2,2,2,2,2,2,2,2,2,2,2,2,2,2,2,2,2,2,2,2,2,2,2,2,2,2,2,2,3,3,3,3,3,3,3,3,3,3,3,3,3,3,3,3
2,2,2,2,2,2,2,2,2,2,2,2,2,2,2,2,2,2,2,2,2,2,2,2,2,2,2,2,2,2,2,2,2,2,2,2,2,2,2,2,2,2,2,2,2,2,2,2,2,2,2,2,2,2,2,2,2,2,2,2,2,2,2,2,2,2,2,2,2,2,2,,,2,2,2,2,2,2,2,2,2,2,2,2,2,2,2,,,,2,2,2,2,2,2,2,2,2,2,2,2,2,2,2,2,2,2,2,2,2,2,2,2,2,2,2,2,2,2,2,2,2,2,2,2,2,2,2,2,2,2,2,2,2,2,2,2,2,2,2,2,2,2,2,2,2,2,2,2,2,2,2,2,,,2,2,2,2,2,2,2,2,2,2,2,2,2,2,2,2,2,2,2,2,2,2,2,2,2,2,2,2,2,2,2,2,2,2,2,2,2,2,2,2,2,2,2,2,2,2,2,2,2,2,2,2,2,2,2,2,2,2,2,2,2,2,2,2,2,2,2,2,2,2,2,2,2,2,2,2,2,2,2,2,2,2,2,2,2,2,2,2,2,2,2,2,3,3,3,3,3,3,3,3,3,3,3,3,3,3,3,3